--	insert_organizations_organization_level_and_programs

DELETE FROM programs_manager_schema.organizations;

INSERT INTO programs_manager_schema.organizations (organization_id, organization_name, datetime_organization_changed, changed_by_user_login) VALUES ('256E115B', 'ACCORD Corporation', LOCALTIMESTAMP (0), 'muser');
INSERT INTO programs_manager_schema.organizations (organization_id, organization_name, datetime_organization_changed, changed_by_user_login) VALUES ('B91CC41A', 'Arbor Housing and Development', LOCALTIMESTAMP (0), 'muser');
INSERT INTO programs_manager_schema.organizations (organization_id, organization_name, datetime_organization_changed, changed_by_user_login) VALUES ('0A791B9C', 'Catholic Charities of Chemung and Schuyler Counties', LOCALTIMESTAMP (0), 'muser');
INSERT INTO programs_manager_schema.organizations (organization_id, organization_name, datetime_organization_changed, changed_by_user_login) VALUES ('A7330F42', 'Catholic Charities of Livingston County', LOCALTIMESTAMP (0), 'muser');
INSERT INTO programs_manager_schema.organizations (organization_id, organization_name, datetime_organization_changed, changed_by_user_login) VALUES ('DE1CE153', 'Catholic Charities of Steuben County', LOCALTIMESTAMP (0), 'muser');
INSERT INTO programs_manager_schema.organizations (organization_id, organization_name, datetime_organization_changed, changed_by_user_login) VALUES ('AF46063F', 'Catholic Charities of Tompkins/Tioga', LOCALTIMESTAMP (0), 'muser');
INSERT INTO programs_manager_schema.organizations (organization_id, organization_name, datetime_organization_changed, changed_by_user_login) VALUES ('6E9033B2', 'Steuben County Department of Social Services (DSS)', LOCALTIMESTAMP (0), 'muser');

DELETE FROM programs_manager_schema.organization_level;

INSERT INTO programs_manager_schema.organization_level (organization_level_name, organization_level_display_name, organization_level_description, parent_level_name, is_root_level, datetime_level_changed , changing_user_login) VALUES ('program_root', 'All Programs', 'List of all programs', NULL, TRUE, LOCALTIMESTAMP (0), 'muser');
INSERT INTO programs_manager_schema.organization_level (organization_level_name, organization_level_display_name, organization_level_description, parent_level_name, is_root_level, datetime_level_changed , changing_user_login) VALUES ('accord_corp', 'All ACCORD programs', 'List of all the ACCORD Corporation programs', 'program_root', FALSE, LOCALTIMESTAMP (0), 'muser');
INSERT INTO programs_manager_schema.organization_level (organization_level_name, organization_level_display_name, organization_level_description, parent_level_name, is_root_level, datetime_level_changed , changing_user_login) VALUES ('arbor_dev', 'All Arbor programs', 'List of all the Arbor Housing and Development programs', 'program_root', FALSE, LOCALTIMESTAMP (0), 'muser');
INSERT INTO programs_manager_schema.organization_level (organization_level_name, organization_level_display_name, organization_level_description, parent_level_name, is_root_level, datetime_level_changed , changing_user_login) VALUES ('cc_cs', 'All CC Chemung/Schuyler programs', 'List of all the Catholic Charities of Chemung and Schuyler Counties programs', 'program_root', FALSE, LOCALTIMESTAMP (0), 'muser');
INSERT INTO programs_manager_schema.organization_level (organization_level_name, organization_level_display_name, organization_level_description, parent_level_name, is_root_level, datetime_level_changed , changing_user_login) VALUES ('cc_steuben', 'All CC Steuben programs', 'List of all the Catholic Charities of Steuben County programs', 'program_root', FALSE, LOCALTIMESTAMP (0), 'muser');
INSERT INTO programs_manager_schema.organization_level (organization_level_name, organization_level_display_name, organization_level_description, parent_level_name, is_root_level, datetime_level_changed , changing_user_login) VALUES ('steuben_dss', 'All Steuben DSS programs', 'List of all the Catholic Charities of Tompkins/Tioga programs', 'program_root', FALSE, LOCALTIMESTAMP (0), 'muser');
INSERT INTO programs_manager_schema.organization_level (organization_level_name, organization_level_display_name, organization_level_description, parent_level_name, is_root_level, datetime_level_changed , changing_user_login) VALUES ('cc_tt', 'All CC Tompkins/Tioga programs', 'List of all the Steuben County Department of Social Services (DSS) programs', 'program_root', FALSE, LOCALTIMESTAMP (0), 'muser');
INSERT INTO programs_manager_schema.organization_level (organization_level_name, organization_level_display_name, organization_level_description, parent_level_name, is_root_level, datetime_level_changed , changing_user_login) VALUES ('arbor_omh_transitional', 'Arbor OMH Transitional Programs', 'List of the Arbor OMH Transitional Programs', 'arbor_dev', FALSE, LOCALTIMESTAMP (0), 'muser');
INSERT INTO programs_manager_schema.organization_level (organization_level_name, organization_level_display_name, organization_level_description, parent_level_name, is_root_level, datetime_level_changed , changing_user_login) VALUES ('arbor_supported', 'Arbor Supported Programs', 'List of the Arbor Supported Programs', 'arbor_dev', FALSE, LOCALTIMESTAMP (0), 'muser');
INSERT INTO programs_manager_schema.organization_level (organization_level_name, organization_level_display_name, organization_level_description, parent_level_name, is_root_level, datetime_level_changed , changing_user_login) VALUES ('cccs_omh_transitional', 'CC Chemung/Schuyler OMH Transitional Programs', 'List of the Catholic Charities of Chemung and Schuyler Counties OMH Transitional Programs', 'cc_cs', FALSE, LOCALTIMESTAMP (0), 'muser');
INSERT INTO programs_manager_schema.organization_level (organization_level_name, organization_level_display_name, organization_level_description, parent_level_name, is_root_level, datetime_level_changed , changing_user_login) VALUES ('cccs_emerg_services', 'CC Chemung/Schuyler Emergency Services Programs', 'List of the Catholic Charities of Chemung and Schuyler Counties Emergency Services Programs', 'cc_cs', FALSE, LOCALTIMESTAMP (0), 'muser');
INSERT INTO programs_manager_schema.organization_level (organization_level_name, organization_level_display_name, organization_level_description, parent_level_name, is_root_level, datetime_level_changed , changing_user_login) VALUES ('cccs_steph', 'CC Chemung/Schuyler STEPH Programs', 'List of the Catholic Charities of Chemung and Schuyler Counties STEHP Programs', 'cc_cs', FALSE, LOCALTIMESTAMP (0), 'muser');
INSERT INTO programs_manager_schema.organization_level (organization_level_name, organization_level_display_name, organization_level_description, parent_level_name, is_root_level, datetime_level_changed , changing_user_login) VALUES ('cccs_other', 'CC Chemung/Schuyler Other Programs', 'List of the other Catholic Charities of Chemung and Schuyler Counties Programs', 'cc_cs', FALSE, LOCALTIMESTAMP (0), 'muser');
INSERT INTO programs_manager_schema.organization_level (organization_level_name, organization_level_display_name, organization_level_description, parent_level_name, is_root_level, datetime_level_changed , changing_user_login) VALUES ('cccs_omh_permanent', 'CC Chemung/Schuyler OMH Permanent Programs', 'List of the Catholic Charities of Chemung and Schuyler Counties OMH Permanent Programs', 'cc_cs', FALSE, LOCALTIMESTAMP (0), 'muser');
INSERT INTO programs_manager_schema.organization_level (organization_level_name, organization_level_display_name, organization_level_description, parent_level_name, is_root_level, datetime_level_changed , changing_user_login) VALUES ('cccs_hud_permanent', 'CC Chemung/Schuyler HUD Permanent Programs', 'List of the Catholic Charities of Chemung and Schuyler Counties HUD Permanent Programs', 'cc_cs', FALSE, LOCALTIMESTAMP (0), 'muser');
INSERT INTO programs_manager_schema.organization_level (organization_level_name, organization_level_display_name, organization_level_description, parent_level_name, is_root_level, datetime_level_changed , changing_user_login) VALUES ('accord_hud_transitional', 'ACCORD HUD Transitional', 'List of the ACCORD HUD Transitional programs', 'accord_corp', FALSE, LOCALTIMESTAMP (0), 'muser');
INSERT INTO programs_manager_schema.organization_level (organization_level_name, organization_level_display_name, organization_level_description, parent_level_name, is_root_level, datetime_level_changed , changing_user_login) VALUES ('accord_stehp', 'ACCORD STEPH', 'List of the ACCORD STEHP programs', 'accord_corp', FALSE, LOCALTIMESTAMP (0), 'muser');


DELETE FROM programs_manager_schema.programs;

INSERT INTO programs_manager_schema.programs  (program_id, program_name, organization_id, coc_code, containing_level_name, datetime_program_changed, changed_by_user_login) VALUES (40009000, 'CCST Adolescent Transitional - Lasting Success Foster Care', '0A791B9C', 'NY-501 - Elmira/Steuben Allegany Livingston Chemung Schuyler Counties CoC', 'cccs_other', LOCALTIMESTAMP (0), 'muser');
INSERT INTO programs_manager_schema.programs  (program_id, program_name, organization_id, coc_code, containing_level_name, datetime_program_changed, changed_by_user_login) VALUES (10013000, 'CCST Bridger Outreach Services', '0A791B9C', 'NY-501 - Elmira/Steuben Allegany Livingston Chemung Schuyler Counties CoC', 'cccs_other', LOCALTIMESTAMP (0), 'muser');
INSERT INTO programs_manager_schema.programs  (program_id, program_name, organization_id, coc_code, containing_level_name, datetime_program_changed, changed_by_user_login) VALUES (40007000, 'CCST Community Residence - OMH Transitional', '0A791B9C', 'NY-501 - Elmira/Steuben Allegany Livingston Chemung Schuyler Counties CoC', 'cccs_omh_transitional', LOCALTIMESTAMP (0), 'muser');
INSERT INTO programs_manager_schema.programs  (program_id, program_name, organization_id, coc_code, containing_level_name, datetime_program_changed, changed_by_user_login) VALUES (20011000, 'CCST Emergency Services Food/Clothing', '0A791B9C', 'NY-501 - Elmira/Steuben Allegany Livingston Chemung Schuyler Counties CoC', 'cccs_emerg_services', LOCALTIMESTAMP (0), 'muser');
INSERT INTO programs_manager_schema.programs  (program_id, program_name, organization_id, coc_code, containing_level_name, datetime_program_changed, changed_by_user_login) VALUES (70008000, 'CCST Emergency Services Homeless Shelter', '0A791B9C', 'NY-501 - Elmira/Steuben Allegany Livingston Chemung Schuyler Counties CoC', 'cccs_other', LOCALTIMESTAMP (0), 'muser');
INSERT INTO programs_manager_schema.programs  (program_id, program_name, organization_id, coc_code, containing_level_name, datetime_program_changed, changed_by_user_login) VALUES (20013000, 'CCST Emergency Services Prescription Drug', '0A791B9C', 'NY-501 - Elmira/Steuben Allegany Livingston Chemung Schuyler Counties CoC', 'cccs_emerg_services', LOCALTIMESTAMP (0), 'muser');
INSERT INTO programs_manager_schema.programs  (program_id, program_name, organization_id, coc_code, containing_level_name, datetime_program_changed, changed_by_user_login) VALUES (20012000, 'CCST Emergency Services Prevention Rent/Utility', '0A791B9C', 'NY-501 - Elmira/Steuben Allegany Livingston Chemung Schuyler Counties CoC', 'cccs_emerg_services', LOCALTIMESTAMP (0), 'muser');
INSERT INTO programs_manager_schema.programs  (program_id, program_name, organization_id, coc_code, containing_level_name, datetime_program_changed, changed_by_user_login) VALUES (50008000, 'CCST Homeless Supportive Housing - HUD Permanent', '0A791B9C', 'NY-501 - Elmira/Steuben Allegany Livingston Chemung Schuyler Counties CoC', 'cccs_hud_permanent', LOCALTIMESTAMP (0), 'muser');
INSERT INTO programs_manager_schema.programs  (program_id, program_name, organization_id, coc_code, containing_level_name, datetime_program_changed, changed_by_user_login) VALUES (50036000, 'CCST Homeless Supportive Housing Expansion', '0A791B9C', 'NY-501 - Elmira/Steuben Allegany Livingston Chemung Schuyler Counties CoC', 'cccs_hud_permanent', LOCALTIMESTAMP (0), 'muser');
INSERT INTO programs_manager_schema.programs  (program_id, program_name, organization_id, coc_code, containing_level_name, datetime_program_changed, changed_by_user_login) VALUES (40008000, 'CCST Homeless Supportive Housing SHARE - HUD Transitional', '0A791B9C', 'NY-501 - Elmira/Steuben Allegany Livingston Chemung Schuyler Counties CoC', 'cccs_other', LOCALTIMESTAMP (0), 'muser');
INSERT INTO programs_manager_schema.programs  (program_id, program_name, organization_id, coc_code, containing_level_name, datetime_program_changed, changed_by_user_login) VALUES (50043000, 'CCST NY083 Bonus Homeless Supportive Housing', '0A791B9C', 'NY-501 - Elmira/Steuben Allegany Livingston Chemung Schuyler Counties CoC', 'cccs_hud_permanent', LOCALTIMESTAMP (0), 'muser');
INSERT INTO programs_manager_schema.programs  (program_id, program_name, organization_id, coc_code, containing_level_name, datetime_program_changed, changed_by_user_login) VALUES (40018000, 'CCST Residential Stabilization Program', '0A791B9C', 'NY-501 - Elmira/Steuben Allegany Livingston Chemung Schuyler Counties CoC', 'cccs_other', LOCALTIMESTAMP (0), 'muser');
INSERT INTO programs_manager_schema.programs  (program_id, program_name, organization_id, coc_code, containing_level_name, datetime_program_changed, changed_by_user_login) VALUES (20022000, 'CCST Schuyler Outreach Emergency Services', '0A791B9C', 'NY-501 - Elmira/Steuben Allegany Livingston Chemung Schuyler Counties CoC', 'cccs_emerg_services', LOCALTIMESTAMP (0), 'muser');
INSERT INTO programs_manager_schema.programs  (program_id, program_name, organization_id, coc_code, containing_level_name, datetime_program_changed, changed_by_user_login) VALUES (50034000, 'CCST SHP Permanent Housing P1 Schuyler', '0A791B9C', 'NY-501 - Elmira/Steuben Allegany Livingston Chemung Schuyler Counties CoC', 'cccs_hud_permanent', LOCALTIMESTAMP (0), 'muser');
INSERT INTO programs_manager_schema.programs  (program_id, program_name, organization_id, coc_code, containing_level_name, datetime_program_changed, changed_by_user_login) VALUES (40020000, 'CCST SHP Transitional Housing P1 Schuyler', '0A791B9C', 'NY-501 - Elmira/Steuben Allegany Livingston Chemung Schuyler Counties CoC', 'cccs_other', LOCALTIMESTAMP (0), 'muser');
INSERT INTO programs_manager_schema.programs  (program_id, program_name, organization_id, coc_code, containing_level_name, datetime_program_changed, changed_by_user_login) VALUES (10005000, 'CCST STEHP ESG Prevention', '0A791B9C', 'NY-501 - Elmira/Steuben Allegany Livingston Chemung Schuyler Counties CoC', 'cccs_steph', LOCALTIMESTAMP (0), 'muser');
INSERT INTO programs_manager_schema.programs  (program_id, program_name, organization_id, coc_code, containing_level_name, datetime_program_changed, changed_by_user_login) VALUES (10006000, 'CCST STEHP ESG Re-Housing', '0A791B9C', 'NY-501 - Elmira/Steuben Allegany Livingston Chemung Schuyler Counties CoC', 'cccs_steph', LOCALTIMESTAMP (0), 'muser');
INSERT INTO programs_manager_schema.programs  (program_id, program_name, organization_id, coc_code, containing_level_name, datetime_program_changed, changed_by_user_login) VALUES (50044000, 'CCST Supp Housing/Schuyler OMH SH - Transformation', '0A791B9C', 'NY-501 - Elmira/Steuben Allegany Livingston Chemung Schuyler Counties CoC', 'cccs_omh_permanent', LOCALTIMESTAMP (0), 'muser');
INSERT INTO programs_manager_schema.programs  (program_id, program_name, organization_id, coc_code, containing_level_name, datetime_program_changed, changed_by_user_login) VALUES (50010000, 'CCST Supported Housing Chemung - OMH Permanent', '0A791B9C', 'NY-501 - Elmira/Steuben Allegany Livingston Chemung Schuyler Counties CoC', 'cccs_omh_permanent', LOCALTIMESTAMP (0), 'muser');
INSERT INTO programs_manager_schema.programs  (program_id, program_name, organization_id, coc_code, containing_level_name, datetime_program_changed, changed_by_user_login) VALUES (50039000, 'CCST Supported Housing Generic', '0A791B9C', 'NY-501 - Elmira/Steuben Allegany Livingston Chemung Schuyler Counties CoC', 'cccs_omh_permanent', LOCALTIMESTAMP (0), 'muser');
INSERT INTO programs_manager_schema.programs  (program_id, program_name, organization_id, coc_code, containing_level_name, datetime_program_changed, changed_by_user_login) VALUES (50038000, 'CCST Supported Housing High Need OMH Permanent', '0A791B9C', 'NY-501 - Elmira/Steuben Allegany Livingston Chemung Schuyler Counties CoC', 'cccs_omh_permanent', LOCALTIMESTAMP (0), 'muser');
INSERT INTO programs_manager_schema.programs  (program_id, program_name, organization_id, coc_code, containing_level_name, datetime_program_changed, changed_by_user_login) VALUES (50012000, 'CCST Supported Housing HUD 811 Miller Manor', '0A791B9C', 'NY-501 - Elmira/Steuben Allegany Livingston Chemung Schuyler Counties CoC', 'cccs_omh_permanent', LOCALTIMESTAMP (0), 'muser');
INSERT INTO programs_manager_schema.programs  (program_id, program_name, organization_id, coc_code, containing_level_name, datetime_program_changed, changed_by_user_login) VALUES (50013000, 'CCST Supported Housing LTS', '0A791B9C', 'NY-501 - Elmira/Steuben Allegany Livingston Chemung Schuyler Counties CoC', 'cccs_omh_permanent', LOCALTIMESTAMP (0), 'muser');
INSERT INTO programs_manager_schema.programs  (program_id, program_name, organization_id, coc_code, containing_level_name, datetime_program_changed, changed_by_user_login) VALUES (50014000, 'CCST Supported Housing MICA', '0A791B9C', 'NY-501 - Elmira/Steuben Allegany Livingston Chemung Schuyler Counties CoC', 'cccs_omh_permanent', LOCALTIMESTAMP (0), 'muser');
INSERT INTO programs_manager_schema.programs  (program_id, program_name, organization_id, coc_code, containing_level_name, datetime_program_changed, changed_by_user_login) VALUES (50040000, 'CCST Supported Housing MRT', '0A791B9C', 'NY-501 - Elmira/Steuben Allegany Livingston Chemung Schuyler Counties CoC', 'cccs_omh_permanent', LOCALTIMESTAMP (0), 'muser');
INSERT INTO programs_manager_schema.programs  (program_id, program_name, organization_id, coc_code, containing_level_name, datetime_program_changed, changed_by_user_login) VALUES (50015000, 'CCST Supported Housing RIV I', '0A791B9C', 'NY-501 - Elmira/Steuben Allegany Livingston Chemung Schuyler Counties CoC', 'cccs_omh_permanent', LOCALTIMESTAMP (0), 'muser');
INSERT INTO programs_manager_schema.programs  (program_id, program_name, organization_id, coc_code, containing_level_name, datetime_program_changed, changed_by_user_login) VALUES (50016000, 'CCST Supported Housing RIV II', '0A791B9C', 'NY-501 - Elmira/Steuben Allegany Livingston Chemung Schuyler Counties CoC', 'cccs_omh_permanent', LOCALTIMESTAMP (0), 'muser');
INSERT INTO programs_manager_schema.programs  (program_id, program_name, organization_id, coc_code, containing_level_name, datetime_program_changed, changed_by_user_login) VALUES (50011000, 'CCST Supported Housing Schuyler - OMH Permanent', '0A791B9C', 'NY-501 - Elmira/Steuben Allegany Livingston Chemung Schuyler Counties CoC', 'cccs_omh_permanent', LOCALTIMESTAMP (0), 'muser');
INSERT INTO programs_manager_schema.programs  (program_id, program_name, organization_id, coc_code, containing_level_name, datetime_program_changed, changed_by_user_login) VALUES (50017000, 'CCST Supported Housing Schuyler County II', '0A791B9C', 'NY-501 - Elmira/Steuben Allegany Livingston Chemung Schuyler Counties CoC', 'cccs_omh_permanent', LOCALTIMESTAMP (0), 'muser');
INSERT INTO programs_manager_schema.programs  (program_id, program_name, organization_id, coc_code, containing_level_name, datetime_program_changed, changed_by_user_login) VALUES (40010000, 'CCST Treatment Apartments - OMH Transitional', '0A791B9C', 'NY-501 - Elmira/Steuben Allegany Livingston Chemung Schuyler Counties CoC', 'cccs_omh_transitional', LOCALTIMESTAMP (0), 'muser');
INSERT INTO programs_manager_schema.programs  (program_id, program_name, organization_id, coc_code, containing_level_name, datetime_program_changed, changed_by_user_login) VALUES (50007000, 'ACCORD Homeless Housing Program', '256E115B', 'NY-501 - Elmira/Steuben Allegany Livingston Chemung Schuyler Counties CoC', 'accord_hud_transitional', LOCALTIMESTAMP (0), 'muser');
INSERT INTO programs_manager_schema.programs  (program_id, program_name, organization_id, coc_code, containing_level_name, datetime_program_changed, changed_by_user_login) VALUES (40028000, 'ACCORD Kalthoff House', '256E115B', 'NY-501 - Elmira/Steuben Allegany Livingston Chemung Schuyler Counties CoC', 'accord_hud_transitional', LOCALTIMESTAMP (0), 'muser');
INSERT INTO programs_manager_schema.programs  (program_id, program_name, organization_id, coc_code, containing_level_name, datetime_program_changed, changed_by_user_login) VALUES (40023000, 'ACCORD SHP Transitional Housing', '256E115B', 'NY-501 - Elmira/Steuben Allegany Livingston Chemung Schuyler Counties CoC', 'accord_hud_transitional', LOCALTIMESTAMP (0), 'muser');
INSERT INTO programs_manager_schema.programs  (program_id, program_name, organization_id, coc_code, containing_level_name, datetime_program_changed, changed_by_user_login) VALUES (10007000, 'ACCORD STEHP ESG Prevention', '256E115B', 'NY-501 - Elmira/Steuben Allegany Livingston Chemung Schuyler Counties CoC', 'accord_stehp', LOCALTIMESTAMP (0), 'muser');
INSERT INTO programs_manager_schema.programs  (program_id, program_name, organization_id, coc_code, containing_level_name, datetime_program_changed, changed_by_user_login) VALUES (10008000, 'ACCORD STEHP ESG Re-Housing', '256E115B', 'NY-501 - Elmira/Steuben Allegany Livingston Chemung Schuyler Counties CoC', 'accord_stehp', LOCALTIMESTAMP (0), 'muser');
INSERT INTO programs_manager_schema.programs  (program_id, program_name, organization_id, coc_code, containing_level_name, datetime_program_changed, changed_by_user_login) VALUES (10003000, 'Steuben DSS STEHP ESG Prevention', '6E9033B2', 'NY-501 - Elmira/Steuben Allegany Livingston Chemung Schuyler Counties CoC', 'steuben_dss', LOCALTIMESTAMP (0), 'muser');
INSERT INTO programs_manager_schema.programs  (program_id, program_name, organization_id, coc_code, containing_level_name, datetime_program_changed, changed_by_user_login) VALUES (10004000, 'Steuben DSS STEHP ESG Re-Housing', '6E9033B2', 'NY-501 - Elmira/Steuben Allegany Livingston Chemung Schuyler Counties CoC', 'steuben_dss', LOCALTIMESTAMP (0), 'muser');
INSERT INTO programs_manager_schema.programs  (program_id, program_name, organization_id, coc_code, containing_level_name, datetime_program_changed, changed_by_user_login) VALUES (20014000, 'CCTT Emergency Services A Ithaca', 'AF46063F', 'NY-510 - Ithaca/Tompkins County CoC', 'cc_tt', LOCALTIMESTAMP (0), 'muser');
INSERT INTO programs_manager_schema.programs  (program_id, program_name, organization_id, coc_code, containing_level_name, datetime_program_changed, changed_by_user_login) VALUES (20020000, 'CCTT Emergency Services Caroline', 'AF46063F', 'NY-510 - Ithaca/Tompkins County CoC', 'cc_tt', LOCALTIMESTAMP (0), 'muser');
INSERT INTO programs_manager_schema.programs  (program_id, program_name, organization_id, coc_code, containing_level_name, datetime_program_changed, changed_by_user_login) VALUES (20021000, 'CCTT Emergency Services Danby', 'AF46063F', 'NY-510 - Ithaca/Tompkins County CoC', 'cc_tt', LOCALTIMESTAMP (0), 'muser');
INSERT INTO programs_manager_schema.programs  (program_id, program_name, organization_id, coc_code, containing_level_name, datetime_program_changed, changed_by_user_login) VALUES (20031000, 'CCTT Emergency Services Groton', 'AF46063F', 'NY-510 - Ithaca/Tompkins County CoC', 'cc_tt', LOCALTIMESTAMP (0), 'muser');
INSERT INTO programs_manager_schema.programs  (program_id, program_name, organization_id, coc_code, containing_level_name, datetime_program_changed, changed_by_user_login) VALUES (20032000, 'CCTT Emergency Services Waverly', 'AF46063F', 'NY-510 - Ithaca/Tompkins County CoC', 'cc_tt', LOCALTIMESTAMP (0), 'muser');
INSERT INTO programs_manager_schema.programs  (program_id, program_name, organization_id, coc_code, containing_level_name, datetime_program_changed, changed_by_user_login) VALUES (20016000, 'CCTT Tompkins OTDA HPRP', 'AF46063F', 'NY-510 - Ithaca/Tompkins County CoC', 'cc_tt', LOCALTIMESTAMP (0), 'muser');
INSERT INTO programs_manager_schema.programs  (program_id, program_name, organization_id, coc_code, containing_level_name, datetime_program_changed, changed_by_user_login) VALUES (40003000, 'Arbor Allegany Forensic - 241', 'B91CC41A', 'NY-501 - Elmira/Steuben Allegany Livingston Chemung Schuyler Counties CoC', 'arbor_supported', LOCALTIMESTAMP (0), 'muser');
INSERT INTO programs_manager_schema.programs  (program_id, program_name, organization_id, coc_code, containing_level_name, datetime_program_changed, changed_by_user_login) VALUES (50019000, 'Arbor Allegany OMH Supported Housing - 221', 'B91CC41A', 'NY-501 - Elmira/Steuben Allegany Livingston Chemung Schuyler Counties CoC', 'arbor_supported', LOCALTIMESTAMP (0), 'muser');
INSERT INTO programs_manager_schema.programs  (program_id, program_name, organization_id, coc_code, containing_level_name, datetime_program_changed, changed_by_user_login) VALUES (70007000, 'Arbor Allegany Respite - 215', 'B91CC41A', 'NY-501 - Elmira/Steuben Allegany Livingston Chemung Schuyler Counties CoC', 'arbor_supported', LOCALTIMESTAMP (0), 'muser');
INSERT INTO programs_manager_schema.programs  (program_id, program_name, organization_id, coc_code, containing_level_name, datetime_program_changed, changed_by_user_login) VALUES (50021000, 'Arbor Allegany Special Supported Housing - 251', 'B91CC41A', 'NY-501 - Elmira/Steuben Allegany Livingston Chemung Schuyler Counties CoC', 'arbor_supported', LOCALTIMESTAMP (0), 'muser');
INSERT INTO programs_manager_schema.programs  (program_id, program_name, organization_id, coc_code, containing_level_name, datetime_program_changed, changed_by_user_login) VALUES (50018000, 'Arbor Allegany Supported Housing - 227', 'B91CC41A', 'NY-501 - Elmira/Steuben Allegany Livingston Chemung Schuyler Counties CoC', 'arbor_supported', LOCALTIMESTAMP (0), 'muser');
INSERT INTO programs_manager_schema.programs  (program_id, program_name, organization_id, coc_code, containing_level_name, datetime_program_changed, changed_by_user_login) VALUES (50046000, 'Arbor Community Integration Beds Allegany 236', 'B91CC41A', 'NY-501 - Elmira/Steuben Allegany Livingston Chemung Schuyler Counties CoC', 'arbor_supported', LOCALTIMESTAMP (0), 'muser');
INSERT INTO programs_manager_schema.programs  (program_id, program_name, organization_id, coc_code, containing_level_name, datetime_program_changed, changed_by_user_login) VALUES (50047000, 'Arbor Community Integration Beds Chemung 237', 'B91CC41A', 'NY-501 - Elmira/Steuben Allegany Livingston Chemung Schuyler Counties CoC', 'arbor_supported', LOCALTIMESTAMP (0), 'muser');
INSERT INTO programs_manager_schema.programs  (program_id, program_name, organization_id, coc_code, containing_level_name, datetime_program_changed, changed_by_user_login) VALUES (50045000, 'Arbor Community Intergration Beds Steuben 235', 'B91CC41A', 'NY-501 - Elmira/Steuben Allegany Livingston Chemung Schuyler Counties CoC', 'arbor_supported', LOCALTIMESTAMP (0), 'muser');
INSERT INTO programs_manager_schema.programs  (program_id, program_name, organization_id, coc_code, containing_level_name, datetime_program_changed, changed_by_user_login) VALUES (40005000, 'Arbor Community Residence - OMH Transitional', 'B91CC41A', 'NY-501 - Elmira/Steuben Allegany Livingston Chemung Schuyler Counties CoC', 'arbor_supported', LOCALTIMESTAMP (0), 'muser');
INSERT INTO programs_manager_schema.programs  (program_id, program_name, organization_id, coc_code, containing_level_name, datetime_program_changed, changed_by_user_login) VALUES (70012000, 'Arbor Corning Crisis Respite 239', 'B91CC41A', 'NY-501 - Elmira/Steuben Allegany Livingston Chemung Schuyler Counties CoC', 'arbor_supported', LOCALTIMESTAMP (0), 'muser');
INSERT INTO programs_manager_schema.programs  (program_id, program_name, organization_id, coc_code, containing_level_name, datetime_program_changed, changed_by_user_login) VALUES (40012000, 'Arbor CR Bath Rite - 208', 'B91CC41A', 'NY-501 - Elmira/Steuben Allegany Livingston Chemung Schuyler Counties CoC', 'arbor_omh_transitional', LOCALTIMESTAMP (0), 'muser');
INSERT INTO programs_manager_schema.programs  (program_id, program_name, organization_id, coc_code, containing_level_name, datetime_program_changed, changed_by_user_login) VALUES (40013000, 'Arbor CR Corning Rite - 211', 'B91CC41A', 'NY-501 - Elmira/Steuben Allegany Livingston Chemung Schuyler Counties CoC', 'arbor_omh_transitional', LOCALTIMESTAMP (0), 'muser');
INSERT INTO programs_manager_schema.programs  (program_id, program_name, organization_id, coc_code, containing_level_name, datetime_program_changed, changed_by_user_login) VALUES (40014000, 'Arbor CR Hornell Rite - 209', 'B91CC41A', 'NY-501 - Elmira/Steuben Allegany Livingston Chemung Schuyler Counties CoC', 'arbor_omh_transitional', LOCALTIMESTAMP (0), 'muser');
INSERT INTO programs_manager_schema.programs  (program_id, program_name, organization_id, coc_code, containing_level_name, datetime_program_changed, changed_by_user_login) VALUES (40015000, 'Arbor CR Maple Leaf - 205', 'B91CC41A', 'NY-501 - Elmira/Steuben Allegany Livingston Chemung Schuyler Counties CoC', 'arbor_omh_transitional', LOCALTIMESTAMP (0), 'muser');
INSERT INTO programs_manager_schema.programs  (program_id, program_name, organization_id, coc_code, containing_level_name, datetime_program_changed, changed_by_user_login) VALUES (40017000, 'Arbor CR Sedgwick - 210', 'B91CC41A', 'NY-501 - Elmira/Steuben Allegany Livingston Chemung Schuyler Counties CoC', 'arbor_omh_transitional', LOCALTIMESTAMP (0), 'muser');
INSERT INTO programs_manager_schema.programs  (program_id, program_name, organization_id, coc_code, containing_level_name, datetime_program_changed, changed_by_user_login) VALUES (40016000, 'Arbor CR Victory House - 203', 'B91CC41A', 'NY-501 - Elmira/Steuben Allegany Livingston Chemung Schuyler Counties CoC', 'arbor_omh_transitional', LOCALTIMESTAMP (0), 'muser');
INSERT INTO programs_manager_schema.programs  (program_id, program_name, organization_id, coc_code, containing_level_name, datetime_program_changed, changed_by_user_login) VALUES (70013000, 'Arbor Hornell Crisis respite 239', 'B91CC41A', 'NY-501 - Elmira/Steuben Allegany Livingston Chemung Schuyler Counties CoC', 'arbor_omh_transitional', LOCALTIMESTAMP (0), 'muser');
INSERT INTO programs_manager_schema.programs  (program_id, program_name, organization_id, coc_code, containing_level_name, datetime_program_changed, changed_by_user_login) VALUES (40031000, 'Arbor Hospital Diversion 212', 'B91CC41A', 'NY-501 - Elmira/Steuben Allegany Livingston Chemung Schuyler Counties CoC', 'arbor_supported', LOCALTIMESTAMP (0), 'muser');
INSERT INTO programs_manager_schema.programs  (program_id, program_name, organization_id, coc_code, containing_level_name, datetime_program_changed, changed_by_user_login) VALUES (50037000, 'Arbor Livingston HUD SH-232', 'B91CC41A', 'NY-501 - Elmira/Steuben Allegany Livingston Chemung Schuyler Counties CoC', 'arbor_supported', LOCALTIMESTAMP (0), 'muser');
INSERT INTO programs_manager_schema.programs  (program_id, program_name, organization_id, coc_code, containing_level_name, datetime_program_changed, changed_by_user_login) VALUES (50028000, 'Arbor Livingston OMH Supported Housing - 222', 'B91CC41A', 'NY-501 - Elmira/Steuben Allegany Livingston Chemung Schuyler Counties CoC', 'arbor_supported', LOCALTIMESTAMP (0), 'muser');
INSERT INTO programs_manager_schema.programs  (program_id, program_name, organization_id, coc_code, containing_level_name, datetime_program_changed, changed_by_user_login) VALUES (70009000, 'Arbor Livingston Respites - 229', 'B91CC41A', 'NY-501 - Elmira/Steuben Allegany Livingston Chemung Schuyler Counties CoC', 'arbor_supported', LOCALTIMESTAMP (0), 'muser');
INSERT INTO programs_manager_schema.programs  (program_id, program_name, organization_id, coc_code, containing_level_name, datetime_program_changed, changed_by_user_login) VALUES (50029000, 'Arbor Livingston Special Supported Housing - 252', 'B91CC41A', 'NY-501 - Elmira/Steuben Allegany Livingston Chemung Schuyler Counties CoC', 'arbor_supported', LOCALTIMESTAMP (0), 'muser');
INSERT INTO programs_manager_schema.programs  (program_id, program_name, organization_id, coc_code, containing_level_name, datetime_program_changed, changed_by_user_login) VALUES (50027000, 'Arbor Livingston Supported Housing - 230', 'B91CC41A', 'NY-501 - Elmira/Steuben Allegany Livingston Chemung Schuyler Counties CoC', 'arbor_supported', LOCALTIMESTAMP (0), 'muser');
INSERT INTO programs_manager_schema.programs  (program_id, program_name, organization_id, coc_code, containing_level_name, datetime_program_changed, changed_by_user_login) VALUES (50022000, 'Arbor PC Long term Supported Housing - 231', 'B91CC41A', 'NY-501 - Elmira/Steuben Allegany Livingston Chemung Schuyler Counties CoC', 'arbor_supported', LOCALTIMESTAMP (0), 'muser');
INSERT INTO programs_manager_schema.programs  (program_id, program_name, organization_id, coc_code, containing_level_name, datetime_program_changed, changed_by_user_login) VALUES (50023000, 'Arbor Psych Discharge Supported Housing - 226', 'B91CC41A', 'NY-501 - Elmira/Steuben Allegany Livingston Chemung Schuyler Counties CoC', 'arbor_supported', LOCALTIMESTAMP (0), 'muser');
INSERT INTO programs_manager_schema.programs  (program_id, program_name, organization_id, coc_code, containing_level_name, datetime_program_changed, changed_by_user_login) VALUES (50020000, 'Arbor Shelter Plus Care - Allegany 224/254', 'B91CC41A', 'NY-501 - Elmira/Steuben Allegany Livingston Chemung Schuyler Counties CoC', 'arbor_supported', LOCALTIMESTAMP (0), 'muser');
INSERT INTO programs_manager_schema.programs  (program_id, program_name, organization_id, coc_code, containing_level_name, datetime_program_changed, changed_by_user_login) VALUES (50030000, 'Arbor Shelter Plus Care - Livingston 225/255', 'B91CC41A', 'NY-501 - Elmira/Steuben Allegany Livingston Chemung Schuyler Counties CoC', 'arbor_supported', LOCALTIMESTAMP (0), 'muser');
INSERT INTO programs_manager_schema.programs  (program_id, program_name, organization_id, coc_code, containing_level_name, datetime_program_changed, changed_by_user_login) VALUES (50025000, 'Arbor Shelter Plus Care - Steuben 223/253', 'B91CC41A', 'NY-501 - Elmira/Steuben Allegany Livingston Chemung Schuyler Counties CoC', 'arbor_supported', LOCALTIMESTAMP (0), 'muser');
INSERT INTO programs_manager_schema.programs  (program_id, program_name, organization_id, coc_code, containing_level_name, datetime_program_changed, changed_by_user_login) VALUES (50006000, 'Arbor Shelter Plus Care HUD Permanent', 'B91CC41A', 'NY-501 - Elmira/Steuben Allegany Livingston Chemung Schuyler Counties CoC', 'arbor_supported', LOCALTIMESTAMP (0), 'muser');
INSERT INTO programs_manager_schema.programs  (program_id, program_name, organization_id, coc_code, containing_level_name, datetime_program_changed, changed_by_user_login) VALUES (40004000, 'Arbor Steuben Forensic - 240', 'B91CC41A', 'NY-501 - Elmira/Steuben Allegany Livingston Chemung Schuyler Counties CoC', 'arbor_supported', LOCALTIMESTAMP (0), 'muser');
INSERT INTO programs_manager_schema.programs  (program_id, program_name, organization_id, coc_code, containing_level_name, datetime_program_changed, changed_by_user_login) VALUES (50041000, 'Arbor Steuben MRT Supported Housing Beds - 234', 'B91CC41A', 'NY-501 - Elmira/Steuben Allegany Livingston Chemung Schuyler Counties CoC', 'arbor_supported', LOCALTIMESTAMP (0), 'muser');
INSERT INTO programs_manager_schema.programs  (program_id, program_name, organization_id, coc_code, containing_level_name, datetime_program_changed, changed_by_user_login) VALUES (50024000, 'Arbor Steuben OMH Supported Housing - 220', 'B91CC41A', 'NY-501 - Elmira/Steuben Allegany Livingston Chemung Schuyler Counties CoC', 'arbor_supported', LOCALTIMESTAMP (0), 'muser');
INSERT INTO programs_manager_schema.programs  (program_id, program_name, organization_id, coc_code, containing_level_name, datetime_program_changed, changed_by_user_login) VALUES (70006000, 'Arbor Steuben Respite -', 'B91CC41A', 'NY-501 - Elmira/Steuben Allegany Livingston Chemung Schuyler Counties CoC', 'arbor_supported', LOCALTIMESTAMP (0), 'muser');
INSERT INTO programs_manager_schema.programs  (program_id, program_name, organization_id, coc_code, containing_level_name, datetime_program_changed, changed_by_user_login) VALUES (50026000, 'Arbor Steuben Special Supported Housing - 250', 'B91CC41A', 'NY-501 - Elmira/Steuben Allegany Livingston Chemung Schuyler Counties CoC', 'arbor_supported', LOCALTIMESTAMP (0), 'muser');
INSERT INTO programs_manager_schema.programs  (program_id, program_name, organization_id, coc_code, containing_level_name, datetime_program_changed, changed_by_user_login) VALUES (50005000, 'Arbor Supported Housing - OMH Permanent', 'B91CC41A', 'NY-501 - Elmira/Steuben Allegany Livingston Chemung Schuyler Counties CoC', 'arbor_supported', LOCALTIMESTAMP (0), 'muser');
INSERT INTO programs_manager_schema.programs  (program_id, program_name, organization_id, coc_code, containing_level_name, datetime_program_changed, changed_by_user_login) VALUES (40030000, 'Arbor Transitional Housing 339', 'B91CC41A', 'NY-501 - Elmira/Steuben Allegany Livingston Chemung Schuyler Counties CoC', 'arbor_supported', LOCALTIMESTAMP (0), 'muser');
INSERT INTO programs_manager_schema.programs  (program_id, program_name, organization_id, coc_code, containing_level_name, datetime_program_changed, changed_by_user_login) VALUES (20030000, 'CCSTEUBEN Emergency Assistance', 'DE1CE153', 'NY-501 - Elmira/Steuben Allegany Livingston Chemung Schuyler Counties CoC', 'cc_steuben', LOCALTIMESTAMP (0), 'muser');
INSERT INTO programs_manager_schema.programs  (program_id, program_name, organization_id, coc_code, containing_level_name, datetime_program_changed, changed_by_user_login) VALUES (10022000, 'CCSTEUBEN STEHP Street Outreach', 'DE1CE153', 'NY-501 - Elmira/Steuben Allegany Livingston Chemung Schuyler Counties CoC', 'cc_steuben', LOCALTIMESTAMP (0), 'muser');
